Neurons,Learning Rate,Epochs,Test Accuracy
16,0.001,20,0.9850000143051147
32,0.001,30,0.9850000143051147
64,0.0005,40,0.987500011920929
